{
  "user-info": [
    {
      "title": "1",
      "firstName": "string",
      "middleName": "string",
      "lastName": "string",
      "fatherName": "string",
      "dob": "06-05-1999",
      "permanentAddressLine1": "string",
      "permanentAddressLine2": "string",
      "permanentLandmark": "string",
      "permanentState": "string",
      "permanentCity": "string",
      "permanentPin": "string",
      "residentialAddressLine1": "string",
      "residentialAddressLine2": "string",
      "residentialLandmark": "string",
      "residentialState": "string",
      "residentialCity": "string",
      "residentialPin": "string",
      "occupationType": "string",
      "sourceOfIncome": "string",
      "grossAnnualIncome": "string",
      "emailId": "string",
      "mobileNumber": "string",
      "aadharNumber": "string",
      "serviceRefNumber": "string",
      "verifyStatus": ""
    },
    {
      "title": "2",
      "firstName": "string",
      "middleName": "string",
      "lastName": "string",
      "fatherName": "string",
      "dob": "06-01-1999",
      "permanentAddressLine1": "string",
      "permanentAddressLine2": "string",
      "permanentLandmark": "string",
      "permanentState": "string",
      "permanentCity": "string",
      "permanentPin": "string",
      "residentialAddressLine1": "string",
      "residentialAddressLine2": "string",
      "residentialLandmark": "string",
      "residentialState": "string",
      "residentialCity": "string",
      "residentialPin": "string",
      "occupationType": "string",
      "sourceOfIncome": "string",
      "grossAnnualIncome": "string",
      "emailId": "string",
      "mobileNumber": "string",
      "aadharNumber": "string",
      "serviceRefNumber": "string",
      "verifyStatus": ""
    }
  ],
  "verified-user-info": [
    {
      "title": "1",
      "firstName": "string",
      "middleName": "string",
      "lastName": "string",
      "fatherName": "string",
      "dob": "06-05-1999",
      "permanentAddressLine1": "string",
      "permanentAddressLine2": "string",
      "permanentLandmark": "string",
      "permanentState": "string",
      "permanentCity": "string",
      "permanentPin": "string",
      "residentialAddressLine1": "string",
      "residentialAddressLine2": "string",
      "residentialLandmark": "string",
      "residentialState": "string",
      "residentialCity": "string",
      "residentialPin": "string",
      "occupationType": "string",
      "sourceOfIncome": "string",
      "grossAnnualIncome": "string",
      "emailId": "string",
      "mobileNumber": "string",
      "aadharNumber": "string",
      "serviceRefNumber": "string",
      "verifyStatus": "Approved",
      "id": 1
    },
    {
      "title": "2",
      "firstName": "string",
      "middleName": "string",
      "lastName": "string",
      "fatherName": "string",
      "dob": "06-01-1999",
      "permanentAddressLine1": "string",
      "permanentAddressLine2": "string",
      "permanentLandmark": "string",
      "permanentState": "string",
      "permanentCity": "string",
      "permanentPin": "string",
      "residentialAddressLine1": "string",
      "residentialAddressLine2": "string",
      "residentialLandmark": "string",
      "residentialState": "string",
      "residentialCity": "string",
      "residentialPin": "string",
      "occupationType": "string",
      "sourceOfIncome": "string",
      "grossAnnualIncome": "string",
      "emailId": "string",
      "mobileNumber": "string",
      "aadharNumber": "string",
      "serviceRefNumber": "string",
      "verifyStatus": "Decline",
      "id": 2
    },
    {
      "title": "1",
      "firstName": "string",
      "middleName": "string",
      "lastName": "string",
      "fatherName": "string",
      "dob": "06-05-1999",
      "permanentAddressLine1": "string",
      "permanentAddressLine2": "string",
      "permanentLandmark": "string",
      "permanentState": "string",
      "permanentCity": "string",
      "permanentPin": "string",
      "residentialAddressLine1": "string",
      "residentialAddressLine2": "string",
      "residentialLandmark": "string",
      "residentialState": "string",
      "residentialCity": "string",
      "residentialPin": "string",
      "occupationType": "string",
      "sourceOfIncome": "string",
      "grossAnnualIncome": "string",
      "emailId": "string",
      "mobileNumber": "string",
      "aadharNumber": "string",
      "serviceRefNumber": "string",
      "verifyStatus": "Approved",
      "id": 3
    },
    {
      "title": "1",
      "firstName": "string",
      "middleName": "string",
      "lastName": "string",
      "fatherName": "string",
      "dob": "06-05-1999",
      "permanentAddressLine1": "string",
      "permanentAddressLine2": "string",
      "permanentLandmark": "string",
      "permanentState": "string",
      "permanentCity": "string",
      "permanentPin": "string",
      "residentialAddressLine1": "string",
      "residentialAddressLine2": "string",
      "residentialLandmark": "string",
      "residentialState": "string",
      "residentialCity": "string",
      "residentialPin": "string",
      "occupationType": "string",
      "sourceOfIncome": "string",
      "grossAnnualIncome": "string",
      "emailId": "string",
      "mobileNumber": "string",
      "aadharNumber": "string",
      "serviceRefNumber": "string",
      "verifyStatus": "Approved",
      "id": 4
    },
    {
      "title": "1",
      "firstName": "string",
      "middleName": "string",
      "lastName": "string",
      "fatherName": "string",
      "dob": "06-05-1999",
      "permanentAddressLine1": "string",
      "permanentAddressLine2": "string",
      "permanentLandmark": "string",
      "permanentState": "string",
      "permanentCity": "string",
      "permanentPin": "string",
      "residentialAddressLine1": "string",
      "residentialAddressLine2": "string",
      "residentialLandmark": "string",
      "residentialState": "string",
      "residentialCity": "string",
      "residentialPin": "string",
      "occupationType": "string",
      "sourceOfIncome": "string",
      "grossAnnualIncome": "string",
      "emailId": "string",
      "mobileNumber": "string",
      "aadharNumber": "string",
      "serviceRefNumber": "string",
      "verifyStatus": "Decline",
      "id": 5
    },
    {
      "title": "2",
      "firstName": "string",
      "middleName": "string",
      "lastName": "string",
      "fatherName": "string",
      "dob": "06-01-1999",
      "permanentAddressLine1": "string",
      "permanentAddressLine2": "string",
      "permanentLandmark": "string",
      "permanentState": "string",
      "permanentCity": "string",
      "permanentPin": "string",
      "residentialAddressLine1": "string",
      "residentialAddressLine2": "string",
      "residentialLandmark": "string",
      "residentialState": "string",
      "residentialCity": "string",
      "residentialPin": "string",
      "occupationType": "string",
      "sourceOfIncome": "string",
      "grossAnnualIncome": "string",
      "emailId": "string",
      "mobileNumber": "string",
      "aadharNumber": "string",
      "serviceRefNumber": "string",
      "verifyStatus": "Approved",
      "id": 6
    }
  ]
}